-- --------------------------------------------------------
-- Host:                         127.0.0.1
-- Server version:               10.1.36-MariaDB - mariadb.org binary distribution
-- Server OS:                    Win32
-- HeidiSQL Version:             9.5.0.5196
-- --------------------------------------------------------

/*!40101 SET @OLD_CHARACTER_SET_CLIENT=@@CHARACTER_SET_CLIENT */;
/*!40101 SET NAMES utf8 */;
/*!50503 SET NAMES utf8mb4 */;
/*!40014 SET @OLD_FOREIGN_KEY_CHECKS=@@FOREIGN_KEY_CHECKS, FOREIGN_KEY_CHECKS=0 */;
/*!40101 SET @OLD_SQL_MODE=@@SQL_MODE, SQL_MODE='NO_AUTO_VALUE_ON_ZERO' */;


-- Dumping database structure for essentialmode
CREATE DATABASE IF NOT EXISTS `essentialmode` /*!40100 DEFAULT CHARACTER SET utf8mb4 COLLATE utf8mb4_bin */;
USE `essentialmode`;

-- Dumping structure for table essentialmode.addon_account
CREATE TABLE IF NOT EXISTS `addon_account` (
  `name` varchar(60) COLLATE utf8mb4_bin NOT NULL,
  `label` varchar(255) COLLATE utf8mb4_bin NOT NULL,
  `shared` int(11) NOT NULL,
  PRIMARY KEY (`name`)
) ENGINE=InnoDB DEFAULT CHARSET=utf8mb4 COLLATE=utf8mb4_bin;

-- Dumping data for table essentialmode.addon_account: ~4 rows (approximately)
/*!40000 ALTER TABLE `addon_account` DISABLE KEYS */;
INSERT INTO `addon_account` (`name`, `label`, `shared`) VALUES
	('cessentialmodeaution', 'Caution', 0),
	('society_ambulance', 'Ambulance', 1),
	('society_mecano', 'Mechanic', 1),
	('society_police', 'Police', 1);
/*!40000 ALTER TABLE `addon_account` ENABLE KEYS */;

-- Dumping structure for table essentialmode.addon_account_data
CREATE TABLE IF NOT EXISTS `addon_account_data` (
  `id` int(11) NOT NULL AUTO_INCREMENT,
  `account_name` varchar(255) COLLATE utf8mb4_bin DEFAULT NULL,
  `money` double NOT NULL,
  `owner` varchar(255) COLLATE utf8mb4_bin DEFAULT NULL,
  PRIMARY KEY (`id`)
) ENGINE=InnoDB AUTO_INCREMENT=6 DEFAULT CHARSET=utf8mb4 COLLATE=utf8mb4_bin;

-- Dumping data for table essentialmode.addon_account_data: ~5 rows (approximately)
/*!40000 ALTER TABLE `addon_account_data` DISABLE KEYS */;
INSERT INTO `addon_account_data` (`id`, `account_name`, `money`, `owner`) VALUES
	(1, 'caution', 0, 'steam:11000013654dabd'),
	(2, 'society_police', 0, NULL),
	(3, 'society_ambulance', 0, NULL),
	(4, 'society_fire', 0, NULL),
	(5, 'society_mecano', 0, NULL);
/*!40000 ALTER TABLE `addon_account_data` ENABLE KEYS */;

-- Dumping structure for table essentialmode.addon_inventory
CREATE TABLE IF NOT EXISTS `addon_inventory` (
  `name` varchar(60) COLLATE utf8mb4_bin NOT NULL,
  `label` varchar(255) COLLATE utf8mb4_bin NOT NULL,
  `shared` int(11) NOT NULL,
  PRIMARY KEY (`name`)
) ENGINE=InnoDB DEFAULT CHARSET=utf8mb4 COLLATE=utf8mb4_bin;

-- Dumping data for table essentialmode.addon_inventory: ~3 rows (approximately)
/*!40000 ALTER TABLE `addon_inventory` DISABLE KEYS */;
INSERT INTO `addon_inventory` (`name`, `label`, `shared`) VALUES
	('society_ambulance', 'Ambulance', 1),
	('society_mecano', 'Mechanic', 1),
	('society_police', 'Police', 1);
/*!40000 ALTER TABLE `addon_inventory` ENABLE KEYS */;

-- Dumping structure for table essentialmode.addon_inventory_items
CREATE TABLE IF NOT EXISTS `addon_inventory_items` (
  `id` int(11) NOT NULL AUTO_INCREMENT,
  `inventory_name` varchar(255) COLLATE utf8mb4_bin NOT NULL,
  `name` varchar(255) COLLATE utf8mb4_bin NOT NULL,
  `count` int(11) NOT NULL,
  `owner` varchar(60) COLLATE utf8mb4_bin DEFAULT NULL,
  PRIMARY KEY (`id`)
) ENGINE=InnoDB DEFAULT CHARSET=utf8mb4 COLLATE=utf8mb4_bin;

-- Dumping data for table essentialmode.addon_inventory_items: ~0 rows (approximately)
/*!40000 ALTER TABLE `addon_inventory_items` DISABLE KEYS */;
/*!40000 ALTER TABLE `addon_inventory_items` ENABLE KEYS */;

-- Dumping structure for table essentialmode.billing
CREATE TABLE IF NOT EXISTS `billing` (
  `id` int(11) NOT NULL AUTO_INCREMENT,
  `identifier` varchar(255) COLLATE utf8mb4_bin NOT NULL,
  `sender` varchar(255) COLLATE utf8mb4_bin NOT NULL,
  `target_type` varchar(50) COLLATE utf8mb4_bin NOT NULL,
  `target` varchar(255) COLLATE utf8mb4_bin NOT NULL,
  `label` varchar(255) COLLATE utf8mb4_bin NOT NULL,
  `amount` int(11) NOT NULL,
  PRIMARY KEY (`id`)
) ENGINE=InnoDB DEFAULT CHARSET=utf8mb4 COLLATE=utf8mb4_bin;

-- Dumping data for table essentialmode.billing: ~0 rows (approximately)
/*!40000 ALTER TABLE `billing` DISABLE KEYS */;
/*!40000 ALTER TABLE `billing` ENABLE KEYS */;

-- Dumping structure for table essentialmode.characters
CREATE TABLE IF NOT EXISTS `characters` (
  `id` int(11) NOT NULL AUTO_INCREMENT,
  `identifier` varchar(255) COLLATE utf8mb4_bin NOT NULL,
  `firstname` varchar(255) COLLATE utf8mb4_bin NOT NULL,
  `lastname` varchar(255) COLLATE utf8mb4_bin NOT NULL,
  `dateofbirth` varchar(255) COLLATE utf8mb4_bin NOT NULL,
  `sex` varchar(1) COLLATE utf8mb4_bin NOT NULL DEFAULT 'M',
  `height` varchar(128) COLLATE utf8mb4_bin NOT NULL,
  PRIMARY KEY (`id`)
) ENGINE=InnoDB AUTO_INCREMENT=14 DEFAULT CHARSET=utf8mb4 COLLATE=utf8mb4_bin;

-- Dumping data for table essentialmode.characters: ~2 rows (approximately)
/*!40000 ALTER TABLE `characters` DISABLE KEYS */;
INSERT INTO `characters` (`id`, `identifier`, `firstname`, `lastname`, `dateofbirth`, `sex`, `height`) VALUES
	(12, 'steam:11000013654dabd', 'Asd', 'Asd', '1231231', 'm', '155'),
	(13, 'steam:11000013654dabd', 'Asd', 'Asd', '1231231', 'm', '155');
/*!40000 ALTER TABLE `characters` ENABLE KEYS */;

-- Dumping structure for table essentialmode.datastore
CREATE TABLE IF NOT EXISTS `datastore` (
  `name` varchar(60) COLLATE utf8mb4_bin NOT NULL,
  `label` varchar(255) COLLATE utf8mb4_bin NOT NULL,
  `shared` int(11) NOT NULL,
  PRIMARY KEY (`name`)
) ENGINE=InnoDB DEFAULT CHARSET=utf8mb4 COLLATE=utf8mb4_bin;

-- Dumping data for table essentialmode.datastore: ~3 rows (approximately)
/*!40000 ALTER TABLE `datastore` DISABLE KEYS */;
INSERT INTO `datastore` (`name`, `label`, `shared`) VALUES
	('society_ambulance', 'Ambulance', 1),
	('society_fire', 'fire', 1),
	('society_police', 'Police', 1);
/*!40000 ALTER TABLE `datastore` ENABLE KEYS */;

-- Dumping structure for table essentialmode.datastore_data
CREATE TABLE IF NOT EXISTS `datastore_data` (
  `id` int(11) NOT NULL AUTO_INCREMENT,
  `name` varchar(60) COLLATE utf8mb4_bin NOT NULL,
  `owner` varchar(60) COLLATE utf8mb4_bin DEFAULT NULL,
  `data` longtext COLLATE utf8mb4_bin,
  PRIMARY KEY (`id`),
  UNIQUE KEY `unique_datastore_owner_name` (`owner`,`name`),
  KEY `index_datastore_name` (`name`)
) ENGINE=InnoDB AUTO_INCREMENT=4 DEFAULT CHARSET=utf8mb4 COLLATE=utf8mb4_bin;

-- Dumping data for table essentialmode.datastore_data: ~3 rows (approximately)
/*!40000 ALTER TABLE `datastore_data` DISABLE KEYS */;
INSERT INTO `datastore_data` (`id`, `name`, `owner`, `data`) VALUES
	(1, 'society_police', NULL, '{}'),
	(2, 'society_ambulance', NULL, '{}'),
	(3, 'society_fire', NULL, '{}');
/*!40000 ALTER TABLE `datastore_data` ENABLE KEYS */;

-- Dumping structure for table essentialmode.fine_types
CREATE TABLE IF NOT EXISTS `fine_types` (
  `id` int(11) NOT NULL AUTO_INCREMENT,
  `label` varchar(255) COLLATE utf8mb4_bin DEFAULT NULL,
  `amount` int(11) DEFAULT NULL,
  `category` int(11) DEFAULT NULL,
  PRIMARY KEY (`id`)
) ENGINE=InnoDB AUTO_INCREMENT=53 DEFAULT CHARSET=utf8mb4 COLLATE=utf8mb4_bin;

-- Dumping data for table essentialmode.fine_types: ~52 rows (approximately)
/*!40000 ALTER TABLE `fine_types` DISABLE KEYS */;
INSERT INTO `fine_types` (`id`, `label`, `amount`, `category`) VALUES
	(1, 'Usage abusif du klaxon', 30, 0),
	(2, 'Franchir une ligne continue', 40, 0),
	(3, 'Circulation à contresens', 250, 0),
	(4, 'Demi-tour non autorisé', 250, 0),
	(5, 'Circulation hors-route', 170, 0),
	(6, 'Non-respect des distances de sécurité', 30, 0),
	(7, 'Arrêt dangereux / interdit', 150, 0),
	(8, 'Stationnement gênant / interdit', 70, 0),
	(9, 'Non respect  de la priorité à droite', 70, 0),
	(10, 'Non-respect à un véhicule prioritaire', 90, 0),
	(11, 'Non-respect d\'un stop', 105, 0),
	(12, 'Non-respect d\'un feu rouge', 130, 0),
	(13, 'Dépassement dangereux', 100, 0),
	(14, 'Véhicule non en état', 100, 0),
	(15, 'Conduite sans permis', 1500, 0),
	(16, 'Délit de fuite', 800, 0),
	(17, 'Excès de vitesse < 5 kmh', 90, 0),
	(18, 'Excès de vitesse 5-15 kmh', 120, 0),
	(19, 'Excès de vitesse 15-30 kmh', 180, 0),
	(20, 'Excès de vitesse > 30 kmh', 300, 0),
	(21, 'Entrave de la circulation', 110, 1),
	(22, 'Dégradation de la voie publique', 90, 1),
	(23, 'Trouble à l\'ordre publique', 90, 1),
	(24, 'Entrave opération de police', 130, 1),
	(25, 'Insulte envers / entre civils', 75, 1),
	(26, 'Outrage à agent de police', 110, 1),
	(27, 'Menace verbale ou intimidation envers civil', 90, 1),
	(28, 'Menace verbale ou intimidation envers policier', 150, 1),
	(29, 'Manifestation illégale', 250, 1),
	(30, 'Tentative de corruption', 1500, 1),
	(31, 'Arme blanche sortie en ville', 120, 2),
	(32, 'Arme léthale sortie en ville', 300, 2),
	(33, 'Port d\'arme non autorisé (défaut de license)', 600, 2),
	(34, 'Port d\'arme illégal', 700, 2),
	(35, 'Pris en flag lockpick', 300, 2),
	(36, 'Vol de voiture', 1800, 2),
	(37, 'Vente de drogue', 1500, 2),
	(38, 'Fabriquation de drogue', 1500, 2),
	(39, 'Possession de drogue', 650, 2),
	(40, 'Prise d\'ôtage civil', 1500, 2),
	(41, 'Prise d\'ôtage agent de l\'état', 2000, 2),
	(42, 'Braquage particulier', 650, 2),
	(43, 'Braquage magasin', 650, 2),
	(44, 'Braquage de banque', 1500, 2),
	(45, 'Tir sur civil', 2000, 3),
	(46, 'Tir sur agent de l\'état', 2500, 3),
	(47, 'Tentative de meurtre sur civil', 3000, 3),
	(48, 'Tentative de meurtre sur agent de l\'état', 5000, 3),
	(49, 'Meurtre sur civil', 10000, 3),
	(50, 'Meurte sur agent de l\'état', 30000, 3),
	(51, 'Meurtre involontaire', 1800, 3),
	(52, 'Escroquerie à l\'entreprise', 2000, 2);
/*!40000 ALTER TABLE `fine_types` ENABLE KEYS */;

-- Dumping structure for table essentialmode.items
CREATE TABLE IF NOT EXISTS `items` (
  `name` varchar(50) COLLATE utf8mb4_bin NOT NULL,
  `label` varchar(255) COLLATE utf8mb4_bin NOT NULL,
  `limit` int(11) NOT NULL DEFAULT '-1',
  `rare` int(11) NOT NULL DEFAULT '0',
  `can_remove` int(11) NOT NULL DEFAULT '1',
  PRIMARY KEY (`name`)
) ENGINE=InnoDB DEFAULT CHARSET=utf8mb4 COLLATE=utf8mb4_bin;

-- Dumping data for table essentialmode.items: ~29 rows (approximately)
/*!40000 ALTER TABLE `items` DISABLE KEYS */;
INSERT INTO `items` (`name`, `label`, `limit`, `rare`, `can_remove`) VALUES
	('alive_chicken', 'living chicken', 20, 0, 1),
	('bandage', 'Bandage', 20, 0, 1),
	('blowpipe', 'Chalumeaux', 10, 0, 1),
	('bread', 'Bread', 10, 0, 1),
	('carokit', 'Body Kit', -1, 0, 1),
	('clothe', 'cloth', 40, 0, 1),
	('copper', 'copper', 56, 0, 1),
	('cutted_wood', 'cut wood', 20, 0, 1),
	('diamond', 'diamond', 50, 0, 1),
	('essence', 'gas', 24, 0, 1),
	('fabric', 'fabric', 80, 0, 1),
	('fish', 'fish', 100, 0, 1),
	('fixkit', 'Repair Kit', -1, 0, 1),
	('gold', 'gold', 21, 0, 1),
	('iron', 'iron', 42, 0, 1),
	('medikit', 'Medikit', 5, 0, 1),
	('packaged_chicken', 'chicken fillet', 100, 0, 1),
	('packaged_plank', 'packaged wood', 100, 0, 1),
	('petrol', 'oil', 24, 0, 1),
	('petrol_raffin', 'processed oil', 24, 0, 1),
	('slaughtered_chicken', 'slaughtered chicken', 20, 0, 1),
	('stone', 'stone', 7, 0, 1),
	('washed_stone', 'washed stone', 7, 0, 1),
	('water', 'Water', 5, 0, 1),
	('wood', 'wood', 20, 0, 1),
	('wool', 'wool', 40, 0, 1);
/*!40000 ALTER TABLE `items` ENABLE KEYS */;

-- Dumping structure for table essentialmode.jail
CREATE TABLE IF NOT EXISTS `jail` (
  `identifier` varchar(100) COLLATE utf8mb4_bin NOT NULL,
  `jail_time` int(10) NOT NULL,
  PRIMARY KEY (`identifier`)
) ENGINE=InnoDB DEFAULT CHARSET=utf8mb4 COLLATE=utf8mb4_bin;

-- Dumping data for table essentialmode.jail: ~0 rows (approximately)
/*!40000 ALTER TABLE `jail` DISABLE KEYS */;
/*!40000 ALTER TABLE `jail` ENABLE KEYS */;

-- Dumping structure for table essentialmode.jobs
CREATE TABLE IF NOT EXISTS `jobs` (
  `name` varchar(50) COLLATE utf8mb4_bin NOT NULL,
  `label` varchar(255) COLLATE utf8mb4_bin DEFAULT NULL,
  `whitelisted` tinyint(1) NOT NULL DEFAULT '0',
  PRIMARY KEY (`name`)
) ENGINE=InnoDB DEFAULT CHARSET=utf8mb4 COLLATE=utf8mb4_bin;

-- Dumping data for table essentialmode.jobs: ~11 rows (approximately)
/*!40000 ALTER TABLE `jobs` DISABLE KEYS */;
INSERT INTO `jobs` (`name`, `label`, `whitelisted`) VALUES
	('ambulance', 'Ambulance', 0),
	('fisherman', 'Fisherman', 0),
	('fueler', 'Fueler', 0),
	('lumberjack', 'Lumberjack', 0),
	('mecano', 'Mechanic', 0),
	('miner', 'Miner', 0),
	('police', 'LSPD', 1),
	('reporter', 'Reporter', 0),
	('slaughterer', 'Butcher', 0),
	('tailor', 'Tailor', 0),
	('unemployed', 'Unemployed', 0);
/*!40000 ALTER TABLE `jobs` ENABLE KEYS */;

-- Dumping structure for table essentialmode.job_grades
CREATE TABLE IF NOT EXISTS `job_grades` (
  `id` int(11) NOT NULL AUTO_INCREMENT,
  `job_name` varchar(255) COLLATE utf8mb4_bin DEFAULT NULL,
  `grade` int(11) NOT NULL,
  `name` varchar(255) COLLATE utf8mb4_bin NOT NULL,
  `label` varchar(255) COLLATE utf8mb4_bin NOT NULL,
  `salary` int(11) NOT NULL,
  `skin_male` longtext COLLATE utf8mb4_bin NOT NULL,
  `skin_female` longtext COLLATE utf8mb4_bin NOT NULL,
  PRIMARY KEY (`id`)
) ENGINE=InnoDB AUTO_INCREMENT=44 DEFAULT CHARSET=utf8mb4 COLLATE=utf8mb4_bin;

-- Dumping data for table essentialmode.job_grades: ~29 rows (approximately)
/*!40000 ALTER TABLE `job_grades` DISABLE KEYS */;
INSERT INTO `job_grades` (`id`, `job_name`, `grade`, `name`, `label`, `salary`, `skin_male`, `skin_female`) VALUES
	(1, 'unemployed', 0, 'unemployed', 'Unemployed', 200, '{}', '{}'),
	(2, 'lumberjack', 0, 'employee', 'Intérimaire', 0, '{}', '{}'),
	(3, 'fisherman', 0, 'employee', 'Intérimaire', 0, '{}', '{}'),
	(4, 'fueler', 0, 'employee', 'Intérimaire', 0, '{}', '{}'),
	(5, 'reporter', 0, 'employee', 'Intérimaire', 0, '{}', '{}'),
	(6, 'tailor', 0, 'employee', 'Intérimaire', 0, '{"mask_1":0,"arms":1,"glasses_1":0,"hair_color_2":4,"makeup_1":0,"face":19,"glasses":0,"mask_2":0,"makeup_3":0,"skin":29,"helmet_2":0,"lipstick_4":0,"sex":0,"torso_1":24,"makeup_2":0,"bags_2":0,"chain_2":0,"ears_1":-1,"bags_1":0,"bproof_1":0,"shoes_2":0,"lipstick_2":0,"chain_1":0,"tshirt_1":0,"eyebrows_3":0,"pants_2":0,"beard_4":0,"torso_2":0,"beard_2":6,"ears_2":0,"hair_2":0,"shoes_1":36,"tshirt_2":0,"beard_3":0,"hair_1":2,"hair_color_1":0,"pants_1":48,"helmet_1":-1,"bproof_2":0,"eyebrows_4":0,"eyebrows_2":0,"decals_1":0,"age_2":0,"beard_1":5,"shoes":10,"lipstick_1":0,"eyebrows_1":0,"glasses_2":0,"makeup_4":0,"decals_2":0,"lipstick_3":0,"age_1":0}', '{"mask_1":0,"arms":5,"glasses_1":5,"hair_color_2":4,"makeup_1":0,"face":19,"glasses":0,"mask_2":0,"makeup_3":0,"skin":29,"helmet_2":0,"lipstick_4":0,"sex":1,"torso_1":52,"makeup_2":0,"bags_2":0,"chain_2":0,"ears_1":-1,"bags_1":0,"bproof_1":0,"shoes_2":1,"lipstick_2":0,"chain_1":0,"tshirt_1":23,"eyebrows_3":0,"pants_2":0,"beard_4":0,"torso_2":0,"beard_2":6,"ears_2":0,"hair_2":0,"shoes_1":42,"tshirt_2":4,"beard_3":0,"hair_1":2,"hair_color_1":0,"pants_1":36,"helmet_1":-1,"bproof_2":0,"eyebrows_4":0,"eyebrows_2":0,"decals_1":0,"age_2":0,"beard_1":5,"shoes":10,"lipstick_1":0,"eyebrows_1":0,"glasses_2":0,"makeup_4":0,"decals_2":0,"lipstick_3":0,"age_1":0}'),
	(7, 'miner', 0, 'employee', 'Intérimaire', 0, '{"tshirt_2":1,"ears_1":8,"glasses_1":15,"torso_2":0,"ears_2":2,"glasses_2":3,"shoes_2":1,"pants_1":75,"shoes_1":51,"bags_1":0,"helmet_2":0,"pants_2":7,"torso_1":71,"tshirt_1":59,"arms":2,"bags_2":0,"helmet_1":0}', '{}'),
	(8, 'slaughterer', 0, 'employee', 'Intérimaire', 0, '{"age_1":0,"glasses_2":0,"beard_1":5,"decals_2":0,"beard_4":0,"shoes_2":0,"tshirt_2":0,"lipstick_2":0,"hair_2":0,"arms":67,"pants_1":36,"skin":29,"eyebrows_2":0,"shoes":10,"helmet_1":-1,"lipstick_1":0,"helmet_2":0,"hair_color_1":0,"glasses":0,"makeup_4":0,"makeup_1":0,"hair_1":2,"bproof_1":0,"bags_1":0,"mask_1":0,"lipstick_3":0,"chain_1":0,"eyebrows_4":0,"sex":0,"torso_1":56,"beard_2":6,"shoes_1":12,"decals_1":0,"face":19,"lipstick_4":0,"tshirt_1":15,"mask_2":0,"age_2":0,"eyebrows_3":0,"chain_2":0,"glasses_1":0,"ears_1":-1,"bags_2":0,"ears_2":0,"torso_2":0,"bproof_2":0,"makeup_2":0,"eyebrows_1":0,"makeup_3":0,"pants_2":0,"beard_3":0,"hair_color_2":4}', '{"age_1":0,"glasses_2":0,"beard_1":5,"decals_2":0,"beard_4":0,"shoes_2":0,"tshirt_2":0,"lipstick_2":0,"hair_2":0,"arms":72,"pants_1":45,"skin":29,"eyebrows_2":0,"shoes":10,"helmet_1":-1,"lipstick_1":0,"helmet_2":0,"hair_color_1":0,"glasses":0,"makeup_4":0,"makeup_1":0,"hair_1":2,"bproof_1":0,"bags_1":0,"mask_1":0,"lipstick_3":0,"chain_1":0,"eyebrows_4":0,"sex":1,"torso_1":49,"beard_2":6,"shoes_1":24,"decals_1":0,"face":19,"lipstick_4":0,"tshirt_1":9,"mask_2":0,"age_2":0,"eyebrows_3":0,"chain_2":0,"glasses_1":5,"ears_1":-1,"bags_2":0,"ears_2":0,"torso_2":0,"bproof_2":0,"makeup_2":0,"eyebrows_1":0,"makeup_3":0,"pants_2":0,"beard_3":0,"hair_color_2":4}'),
	(9, 'lumberjack', 0, 'employee', 'Employee', 0, '{}', '{}'),
	(10, 'fisherman', 0, 'employee', 'Employee', 0, '{}', '{}'),
	(11, 'fueler', 0, 'employee', 'Employee', 0, '{}', '{}'),
	(12, 'reporter', 0, 'employee', 'Employee', 0, '{}', '{}'),
	(13, 'tailor', 0, 'employee', 'Employee', 0, '{"mask_1":0,"arms":1,"glasses_1":0,"hair_color_2":4,"makeup_1":0,"face":19,"glasses":0,"mask_2":0,"makeup_3":0,"skin":29,"helmet_2":0,"lipstick_4":0,"sex":0,"torso_1":24,"makeup_2":0,"bags_2":0,"chain_2":0,"ears_1":-1,"bags_1":0,"bproof_1":0,"shoes_2":0,"lipstick_2":0,"chain_1":0,"tshirt_1":0,"eyebrows_3":0,"pants_2":0,"beard_4":0,"torso_2":0,"beard_2":6,"ears_2":0,"hair_2":0,"shoes_1":36,"tshirt_2":0,"beard_3":0,"hair_1":2,"hair_color_1":0,"pants_1":48,"helmet_1":-1,"bproof_2":0,"eyebrows_4":0,"eyebrows_2":0,"decals_1":0,"age_2":0,"beard_1":5,"shoes":10,"lipstick_1":0,"eyebrows_1":0,"glasses_2":0,"makeup_4":0,"decals_2":0,"lipstick_3":0,"age_1":0}', '{"mask_1":0,"arms":5,"glasses_1":5,"hair_color_2":4,"makeup_1":0,"face":19,"glasses":0,"mask_2":0,"makeup_3":0,"skin":29,"helmet_2":0,"lipstick_4":0,"sex":1,"torso_1":52,"makeup_2":0,"bags_2":0,"chain_2":0,"ears_1":-1,"bags_1":0,"bproof_1":0,"shoes_2":1,"lipstick_2":0,"chain_1":0,"tshirt_1":23,"eyebrows_3":0,"pants_2":0,"beard_4":0,"torso_2":0,"beard_2":6,"ears_2":0,"hair_2":0,"shoes_1":42,"tshirt_2":4,"beard_3":0,"hair_1":2,"hair_color_1":0,"pants_1":36,"helmet_1":-1,"bproof_2":0,"eyebrows_4":0,"eyebrows_2":0,"decals_1":0,"age_2":0,"beard_1":5,"shoes":10,"lipstick_1":0,"eyebrows_1":0,"glasses_2":0,"makeup_4":0,"decals_2":0,"lipstick_3":0,"age_1":0}'),
	(14, 'miner', 0, 'employee', 'Employee', 0, '{"tshirt_2":1,"ears_1":8,"glasses_1":15,"torso_2":0,"ears_2":2,"glasses_2":3,"shoes_2":1,"pants_1":75,"shoes_1":51,"bags_1":0,"helmet_2":0,"pants_2":7,"torso_1":71,"tshirt_1":59,"arms":2,"bags_2":0,"helmet_1":0}', '{}'),
	(15, 'slaughterer', 0, 'employee', 'Employee', 0, '{"age_1":0,"glasses_2":0,"beard_1":5,"decals_2":0,"beard_4":0,"shoes_2":0,"tshirt_2":0,"lipstick_2":0,"hair_2":0,"arms":67,"pants_1":36,"skin":29,"eyebrows_2":0,"shoes":10,"helmet_1":-1,"lipstick_1":0,"helmet_2":0,"hair_color_1":0,"glasses":0,"makeup_4":0,"makeup_1":0,"hair_1":2,"bproof_1":0,"bags_1":0,"mask_1":0,"lipstick_3":0,"chain_1":0,"eyebrows_4":0,"sex":0,"torso_1":56,"beard_2":6,"shoes_1":12,"decals_1":0,"face":19,"lipstick_4":0,"tshirt_1":15,"mask_2":0,"age_2":0,"eyebrows_3":0,"chain_2":0,"glasses_1":0,"ears_1":-1,"bags_2":0,"ears_2":0,"torso_2":0,"bproof_2":0,"makeup_2":0,"eyebrows_1":0,"makeup_3":0,"pants_2":0,"beard_3":0,"hair_color_2":4}', '{"age_1":0,"glasses_2":0,"beard_1":5,"decals_2":0,"beard_4":0,"shoes_2":0,"tshirt_2":0,"lipstick_2":0,"hair_2":0,"arms":72,"pants_1":45,"skin":29,"eyebrows_2":0,"shoes":10,"helmet_1":-1,"lipstick_1":0,"helmet_2":0,"hair_color_1":0,"glasses":0,"makeup_4":0,"makeup_1":0,"hair_1":2,"bproof_1":0,"bags_1":0,"mask_1":0,"lipstick_3":0,"chain_1":0,"eyebrows_4":0,"sex":1,"torso_1":49,"beard_2":6,"shoes_1":24,"decals_1":0,"face":19,"lipstick_4":0,"tshirt_1":9,"mask_2":0,"age_2":0,"eyebrows_3":0,"chain_2":0,"glasses_1":5,"ears_1":-1,"bags_2":0,"ears_2":0,"torso_2":0,"bproof_2":0,"makeup_2":0,"eyebrows_1":0,"makeup_3":0,"pants_2":0,"beard_3":0,"hair_color_2":4}'),
	(16, 'police', 0, 'recruit', 'Recrue', 20, '{}', '{}'),
	(17, 'police', 1, 'officer', 'Officier', 40, '{}', '{}'),
	(18, 'police', 2, 'sergeant', 'Sergent', 60, '{}', '{}'),
	(19, 'police', 3, 'lieutenant', 'Lieutenant', 85, '{}', '{}'),
	(20, 'police', 4, 'boss', 'Commandant', 100, '{}', '{}'),
	(21, 'ambulance', 0, 'ambulance', 'Ambulancier', 20, '{"tshirt_2":0,"hair_color_1":5,"glasses_2":3,"shoes":9,"torso_2":3,"hair_color_2":0,"pants_1":24,"glasses_1":4,"hair_1":2,"sex":0,"decals_2":0,"tshirt_1":15,"helmet_1":8,"helmet_2":0,"arms":92,"face":19,"decals_1":60,"torso_1":13,"hair_2":0,"skin":34,"pants_2":5}', '{"tshirt_2":3,"decals_2":0,"glasses":0,"hair_1":2,"torso_1":73,"shoes":1,"hair_color_2":0,"glasses_1":19,"skin":13,"face":6,"pants_2":5,"tshirt_1":75,"pants_1":37,"helmet_1":57,"torso_2":0,"arms":14,"sex":1,"glasses_2":0,"decals_1":0,"hair_2":0,"helmet_2":0,"hair_color_1":0}'),
	(22, 'ambulance', 1, 'doctor', 'Medecin', 40, '{"tshirt_2":0,"hair_color_1":5,"glasses_2":3,"shoes":9,"torso_2":3,"hair_color_2":0,"pants_1":24,"glasses_1":4,"hair_1":2,"sex":0,"decals_2":0,"tshirt_1":15,"helmet_1":8,"helmet_2":0,"arms":92,"face":19,"decals_1":60,"torso_1":13,"hair_2":0,"skin":34,"pants_2":5}', '{"tshirt_2":3,"decals_2":0,"glasses":0,"hair_1":2,"torso_1":73,"shoes":1,"hair_color_2":0,"glasses_1":19,"skin":13,"face":6,"pants_2":5,"tshirt_1":75,"pants_1":37,"helmet_1":57,"torso_2":0,"arms":14,"sex":1,"glasses_2":0,"decals_1":0,"hair_2":0,"helmet_2":0,"hair_color_1":0}'),
	(23, 'ambulance', 2, 'chief_doctor', 'Medecin-chef', 60, '{"tshirt_2":0,"hair_color_1":5,"glasses_2":3,"shoes":9,"torso_2":3,"hair_color_2":0,"pants_1":24,"glasses_1":4,"hair_1":2,"sex":0,"decals_2":0,"tshirt_1":15,"helmet_1":8,"helmet_2":0,"arms":92,"face":19,"decals_1":60,"torso_1":13,"hair_2":0,"skin":34,"pants_2":5}', '{"tshirt_2":3,"decals_2":0,"glasses":0,"hair_1":2,"torso_1":73,"shoes":1,"hair_color_2":0,"glasses_1":19,"skin":13,"face":6,"pants_2":5,"tshirt_1":75,"pants_1":37,"helmet_1":57,"torso_2":0,"arms":14,"sex":1,"glasses_2":0,"decals_1":0,"hair_2":0,"helmet_2":0,"hair_color_1":0}'),
	(24, 'ambulance', 3, 'boss', 'Chirurgien', 80, '{"tshirt_2":0,"hair_color_1":5,"glasses_2":3,"shoes":9,"torso_2":3,"hair_color_2":0,"pants_1":24,"glasses_1":4,"hair_1":2,"sex":0,"decals_2":0,"tshirt_1":15,"helmet_1":8,"helmet_2":0,"arms":92,"face":19,"decals_1":60,"torso_1":13,"hair_2":0,"skin":34,"pants_2":5}', '{"tshirt_2":3,"decals_2":0,"glasses":0,"hair_1":2,"torso_1":73,"shoes":1,"hair_color_2":0,"glasses_1":19,"skin":13,"face":6,"pants_2":5,"tshirt_1":75,"pants_1":37,"helmet_1":57,"torso_2":0,"arms":14,"sex":1,"glasses_2":0,"decals_1":0,"hair_2":0,"helmet_2":0,"hair_color_1":0}'),
	(39, 'mecano', 0, 'recrue', 'Recruit', 12, '{}', '{}'),
	(40, 'mecano', 1, 'novice', 'Novice', 24, '{}', '{}'),
	(41, 'mecano', 2, 'experimente', 'Experienced', 36, '{}', '{}'),
	(42, 'mecano', 3, 'chief', 'Leader', 48, '{}', '{}'),
	(43, 'mecano', 4, 'boss', 'Boss', 0, '{}', '{}');
/*!40000 ALTER TABLE `job_grades` ENABLE KEYS */;

-- Dumping structure for table essentialmode.licenses
CREATE TABLE IF NOT EXISTS `licenses` (
  `type` varchar(60) COLLATE utf8mb4_bin NOT NULL,
  `label` varchar(60) COLLATE utf8mb4_bin NOT NULL,
  PRIMARY KEY (`type`)
) ENGINE=InnoDB DEFAULT CHARSET=utf8mb4 COLLATE=utf8mb4_bin;

-- Dumping data for table essentialmode.licenses: ~0 rows (approximately)
/*!40000 ALTER TABLE `licenses` DISABLE KEYS */;
/*!40000 ALTER TABLE `licenses` ENABLE KEYS */;

-- Dumping structure for table essentialmode.shops
CREATE TABLE IF NOT EXISTS `shops` (
  `id` int(11) NOT NULL AUTO_INCREMENT,
  `store` varchar(100) COLLATE utf8mb4_bin NOT NULL,
  `item` varchar(100) COLLATE utf8mb4_bin NOT NULL,
  `price` int(11) NOT NULL,
  PRIMARY KEY (`id`)
) ENGINE=InnoDB AUTO_INCREMENT=7 DEFAULT CHARSET=utf8mb4 COLLATE=utf8mb4_bin;

-- Dumping data for table essentialmode.shops: ~6 rows (approximately)
/*!40000 ALTER TABLE `shops` DISABLE KEYS */;
INSERT INTO `shops` (`id`, `store`, `item`, `price`) VALUES
	(1, 'TwentyFourSeven', 'bread', 30),
	(2, 'TwentyFourSeven', 'water', 15),
	(3, 'RobsLiquor', 'bread', 30),
	(4, 'RobsLiquor', 'water', 15),
	(5, 'LTDgasoline', 'bread', 30),
	(6, 'LTDgasoline', 'water', 15);
/*!40000 ALTER TABLE `shops` ENABLE KEYS */;

-- Dumping structure for table essentialmode.society_moneywash
CREATE TABLE IF NOT EXISTS `society_moneywash` (
  `id` int(11) NOT NULL AUTO_INCREMENT,
  `identifier` varchar(60) COLLATE utf8mb4_bin NOT NULL,
  `society` varchar(60) COLLATE utf8mb4_bin NOT NULL,
  `amount` int(11) NOT NULL,
  PRIMARY KEY (`id`)
) ENGINE=InnoDB DEFAULT CHARSET=utf8mb4 COLLATE=utf8mb4_bin;

-- Dumping data for table essentialmode.society_moneywash: ~0 rows (approximately)
/*!40000 ALTER TABLE `society_moneywash` DISABLE KEYS */;
/*!40000 ALTER TABLE `society_moneywash` ENABLE KEYS */;

-- Dumping structure for table essentialmode.users
CREATE TABLE IF NOT EXISTS `users` (
  `identifier` varchar(50) COLLATE utf8mb4_bin DEFAULT NULL,
  `license` varchar(50) COLLATE utf8mb4_bin DEFAULT NULL,
  `money` int(11) DEFAULT NULL,
  `name` varchar(255) COLLATE utf8mb4_bin DEFAULT '',
  `skin` longtext COLLATE utf8mb4_bin,
  `job` varchar(255) COLLATE utf8mb4_bin DEFAULT 'unemployed',
  `job_grade` int(11) DEFAULT '0',
  `loadout` longtext COLLATE utf8mb4_bin,
  `position` varchar(255) COLLATE utf8mb4_bin DEFAULT NULL,
  `bank` int(11) DEFAULT NULL,
  `permission_level` int(11) DEFAULT NULL,
  `group` varchar(50) COLLATE utf8mb4_bin DEFAULT NULL,
  `firstname` varchar(50) COLLATE utf8mb4_bin DEFAULT '',
  `lastname` varchar(50) COLLATE utf8mb4_bin DEFAULT '',
  `dateofbirth` varchar(25) COLLATE utf8mb4_bin DEFAULT '',
  `sex` varchar(10) COLLATE utf8mb4_bin DEFAULT '',
  `height` varchar(5) COLLATE utf8mb4_bin DEFAULT '',
  `status` longtext COLLATE utf8mb4_bin,
  `is_dead` tinyint(1) DEFAULT '0'
) ENGINE=InnoDB DEFAULT CHARSET=utf8mb4 COLLATE=utf8mb4_bin;

-- Dumping data for table essentialmode.users: ~1 rows (approximately)
/*!40000 ALTER TABLE `users` DISABLE KEYS */;
INSERT INTO `users` (`identifier`, `license`, `money`, `name`, `skin`, `job`, `job_grade`, `loadout`, `position`, `bank`, `permission_level`, `group`, `firstname`, `lastname`, `dateofbirth`, `sex`, `height`, `status`, `is_dead`) VALUES
	('steam:11000013654dabd', 'license:cbdc712fd89f7db65976c6b80648d794dd8aa2c2', 0, 'Dead Ass', '{"lipstick_2":0,"eyebrows_4":0,"lipstick_1":0,"tshirt_2":0,"mask_1":0,"beard_4":0,"makeup_4":0,"makeup_1":0,"tshirt_1":130,"age_2":0,"torso_1":75,"pants_2":0,"makeup_3":0,"sex":0,"arms":0,"helmet_2":0,"beard_3":0,"chain_1":0,"hair_color_1":0,"beard_2":10,"bags_2":0,"bproof_2":0,"pants_1":99,"ears_2":0,"face":0,"glasses_2":0,"lipstick_3":0,"torso_2":0,"decals_1":0,"shoes_1":0,"helmet_1":-1,"decals_2":0,"eyebrows_2":0,"glasses_1":0,"beard_1":28,"ears_1":-1,"lipstick_4":0,"hair_color_2":0,"shoes_2":0,"hair_1":73,"mask_2":0,"hair_2":0,"chain_2":0,"makeup_2":0,"eyebrows_1":0,"skin":0,"age_1":0,"bags_1":0,"eyebrows_3":0,"bproof_1":0}', 'police', 4, '[]', '{"z":29.794874191284,"y":-1442.6673583984,"x":299.11001586914}', 5760, 0, 'superadmin', 'Asd', 'Asd', '1231231', 'm', '155', '[{"val":778700,"percent":77.87,"name":"hunger"},{"val":752275,"percent":75.2275,"name":"thirst"},{"val":0,"percent":0.0,"name":"drunk"}]', 0);
/*!40000 ALTER TABLE `users` ENABLE KEYS */;

-- Dumping structure for table essentialmode.user_accounts
CREATE TABLE IF NOT EXISTS `user_accounts` (
  `id` int(11) NOT NULL AUTO_INCREMENT,
  `identifier` varchar(255) COLLATE utf8mb4_bin NOT NULL,
  `name` varchar(255) COLLATE utf8mb4_bin NOT NULL,
  `money` double NOT NULL DEFAULT '0',
  PRIMARY KEY (`id`)
) ENGINE=InnoDB AUTO_INCREMENT=4 DEFAULT CHARSET=utf8mb4 COLLATE=utf8mb4_bin;

-- Dumping data for table essentialmode.user_accounts: ~1 rows (approximately)
/*!40000 ALTER TABLE `user_accounts` DISABLE KEYS */;
INSERT INTO `user_accounts` (`id`, `identifier`, `name`, `money`) VALUES
	(3, 'steam:11000013654dabd', 'black_money', 0);
/*!40000 ALTER TABLE `user_accounts` ENABLE KEYS */;

-- Dumping structure for table essentialmode.user_inventory
CREATE TABLE IF NOT EXISTS `user_inventory` (
  `id` int(11) NOT NULL AUTO_INCREMENT,
  `identifier` varchar(255) COLLATE utf8mb4_bin NOT NULL,
  `item` varchar(255) COLLATE utf8mb4_bin NOT NULL,
  `count` int(11) NOT NULL,
  PRIMARY KEY (`id`)
) ENGINE=InnoDB AUTO_INCREMENT=48 DEFAULT CHARSET=utf8mb4 COLLATE=utf8mb4_bin;

-- Dumping data for table essentialmode.user_inventory: ~26 rows (approximately)
/*!40000 ALTER TABLE `user_inventory` DISABLE KEYS */;
INSERT INTO `user_inventory` (`id`, `identifier`, `item`, `count`) VALUES
	(22, 'steam:11000013654dabd', 'packaged_chicken', 0),
	(23, 'steam:11000013654dabd', 'gold', 0),
	(24, 'steam:11000013654dabd', 'packaged_plank', 0),
	(25, 'steam:11000013654dabd', 'iron', 0),
	(26, 'steam:11000013654dabd', 'cutted_wood', 0),
	(27, 'steam:11000013654dabd', 'stone', 0),
	(28, 'steam:11000013654dabd', 'bread', 95),
	(29, 'steam:11000013654dabd', 'clothe', 0),
	(30, 'steam:11000013654dabd', 'petrol_raffin', 0),
	(31, 'steam:11000013654dabd', 'wool', 0),
	(32, 'steam:11000013654dabd', 'copper', 0),
	(33, 'steam:11000013654dabd', 'wood', 0),
	(34, 'steam:11000013654dabd', 'fabric', 0),
	(35, 'steam:11000013654dabd', 'water', 96),
	(36, 'steam:11000013654dabd', 'washed_stone', 0),
	(37, 'steam:11000013654dabd', 'diamond', 0),
	(38, 'steam:11000013654dabd', 'slaughtered_chicken', 0),
	(39, 'steam:11000013654dabd', 'alive_chicken', 0),
	(40, 'steam:11000013654dabd', 'petrol', 0),
	(41, 'steam:11000013654dabd', 'essence', 0),
	(42, 'steam:11000013654dabd', 'fish', 0),
	(43, 'steam:11000013654dabd', 'medikit', 0),
	(44, 'steam:11000013654dabd', 'bandage', 0),
	(45, 'steam:11000013654dabd', 'carokit', 0),
	(46, 'steam:11000013654dabd', 'carotool', 0),
	(47, 'steam:11000013654dabd', 'blowpipe', 0);
/*!40000 ALTER TABLE `user_inventory` ENABLE KEYS */;

-- Dumping structure for table essentialmode.user_licenses
CREATE TABLE IF NOT EXISTS `user_licenses` (
  `id` int(11) NOT NULL AUTO_INCREMENT,
  `type` varchar(60) COLLATE utf8mb4_bin NOT NULL,
  `owner` varchar(60) COLLATE utf8mb4_bin NOT NULL,
  PRIMARY KEY (`id`)
) ENGINE=InnoDB DEFAULT CHARSET=utf8mb4 COLLATE=utf8mb4_bin;

-- Dumping data for table essentialmode.user_licenses: ~0 rows (approximately)
/*!40000 ALTER TABLE `user_licenses` DISABLE KEYS */;
/*!40000 ALTER TABLE `user_licenses` ENABLE KEYS */;

/*!40101 SET SQL_MODE=IFNULL(@OLD_SQL_MODE, '') */;
/*!40014 SET FOREIGN_KEY_CHECKS=IF(@OLD_FOREIGN_KEY_CHECKS IS NULL, 1, @OLD_FOREIGN_KEY_CHECKS) */;
/*!40101 SET CHARACTER_SET_CLIENT=@OLD_CHARACTER_SET_CLIENT */;
